Workbook

Sheet Capa
B2: DRAFT SURVEY
B3: SERVICE DATA | K3: SURVEY DATES
B4: Ref | C4: 114/2026 | K4: Kind of attendance | L4: Loading
B5: Port | C5: PARANAGUA | K5: Official figures | L5: Shore Scale
B6: Terminal | C6: EXPPOERT CORRIDOR | L6: Data | M6: Início | N6: Fim
B7: Shed | C7: 213 | K7: Inicial | L7: {=_xlfn.LET( _xlpm.ref,Inicial!C7, _xlpm.dt,IF(ISNUMBER(_xlpm.ref),_xlpm.ref, _xlfn.LET( _xlpm.txt,TRIM(_xlpm.ref), _xlpm.mesNome,LEFT(_xlpm.txt,FIND(" ",_xlpm.txt)-1), _xlpm.resto,MID(_xlpm.txt,FIND(" ",_xlpm.txt)+1,100), _xlpm.dia,VALUE(LEFT(_xlpm.resto,FIND(",",_xlpm.resto)-1)), _xlpm.ano,VALUE(TRIM(RIGHT(_xlpm.resto,LEN(_xlpm.resto)-FIND(",",_xlpm.resto)))), _xlpm.mesNum,MATCH(_xlpm.mesNome,{"January","February","March","April","May","June","July","August","September","October","November","December"},0), DATE(_xlpm.ano,_xlpm.mesNum,_xlpm.dia) ) ), _xlpm.d,DAY(_xlpm.dt), _xlpm.suf,IF(OR(_xlpm.d={1,21,31}),"st",IF(OR(_xlpm.d={2,22}),"nd",IF(OR(_xlpm.d={3,23}),"rd","th"))), TEXT(_xlpm.dt,"[$-409]mmmm")&" "&_xlpm.d&_xlpm.suf&", "&YEAR(_xlpm.dt) )} -> February 8th, 2026 | M7: =Inicial!G7 -> 0.32986111 | N7: =Inicial!H7 -> 0.41666667
B8: Cargo | C8: SOYBEANS IN BULK | K8: Intermediário | L8: {=_xlfn.LET( _xlpm.ref,Intermediario!C5, _xlpm.dt,IF(ISNUMBER(_xlpm.ref),_xlpm.ref, _xlfn.LET( _xlpm.txt,TRIM(_xlpm.ref), _xlpm.mesNome,LEFT(_xlpm.txt,FIND(" ",_xlpm.txt)-1), _xlpm.resto,MID(_xlpm.txt,FIND(" ",_xlpm.txt)+1,100), _xlpm.dia,VALUE(LEFT(_xlpm.resto,FIND(",",_xlpm.resto)-1)), _xlpm.ano,VALUE(TRIM(RIGHT(_xlpm.resto,LEN(_xlpm.resto)-FIND(",",_xlpm.resto)))), _xlpm.mesNum,MATCH(_xlpm.mesNome,{"January","February","March","April","May","June","July","August","September","October","November","December"},0), DATE(_xlpm.ano,_xlpm.mesNum,_xlpm.dia) ) ), _xlpm.d,DAY(_xlpm.dt), _xlpm.suf,IF(OR(_xlpm.d={1,21,31}),"st",IF(OR(_xlpm.d={2,22}),"nd",IF(OR(_xlpm.d={3,23}),"rd","th"))), TEXT(_xlpm.dt,"[$-409]mmmm")&" "&_xlpm.d&_xlpm.suf&", "&YEAR(_xlpm.dt) )} -> February 11th, 2026 | M8: =Intermediario!G5 -> 0.72222222 | N8: =Intermediario!H5 -> 0.79166667
B9: Discharging Port | C9: VANCOUVER, CANADA | K9: Final | L9: {=_xlfn.LET( _xlpm.ref,final!C5, _xlpm.dt,IF(ISNUMBER(_xlpm.ref),_xlpm.ref, _xlfn.LET( _xlpm.txt,TRIM(_xlpm.ref), _xlpm.mesNome,LEFT(_xlpm.txt,FIND(" ",_xlpm.txt)-1), _xlpm.resto,MID(_xlpm.txt,FIND(" ",_xlpm.txt)+1,100), _xlpm.dia,VALUE(LEFT(_xlpm.resto,FIND(",",_xlpm.resto)-1)), _xlpm.ano,VALUE(TRIM(RIGHT(_xlpm.resto,LEN(_xlpm.resto)-FIND(",",_xlpm.resto)))), _xlpm.mesNum,MATCH(_xlpm.mesNome,{"January","February","March","April","May","June","July","August","September","October","November","December"},0), DATE(_xlpm.ano,_xlpm.mesNum,_xlpm.dia) ) ), _xlpm.d,DAY(_xlpm.dt), _xlpm.suf,IF(OR(_xlpm.d={1,21,31}),"st",IF(OR(_xlpm.d={2,22}),"nd",IF(OR(_xlpm.d={3,23}),"rd","th"))), TEXT(_xlpm.dt,"[$-409]mmmm")&" "&_xlpm.d&_xlpm.suf&", "&YEAR(_xlpm.dt) )} -> May 30th, 2026 | M9: =final!G5 -> 0.60416667 | N9: =final!H5 -> 0.66666667
B10: Voy | C10: 12L
B11: Agência | C11: NAABSA
B12: VESSEL DATA | K12: INFORMAÇÕES
B13: Vessel | C13: HG ANTWERP | K13: 1. Service Data e Vessel data devem ser preenchidas em CAPS LOCK
B14: Flag | C14: PANAMA | K14: 2. Preencher somente as células destacadas em azul claro
B15: Register Port | C15: PANAMA | K15: 3. Os nomes devem ser preenchidos na odem nome e sobrenome
B16: Call sign | C16: V7356 | K16: 4. Client and Operator a serem preenchido pelo escritório de Santos
B17: IMO | C17: 9865324
B18: Type | C18: BULK CARRIER
B19: Delivered | C19: 2023
B20: LOA (m) | C20: 199.98
B21: LBP | C21: 195
B22: Depth Moulded | C22: 19.3
B23: Breadth moulded | C23: 32.24
B24: NET | C24: 21173
B25: GRT | C25: 36140
B26: Summer DWT | C26: 63575
B27: VESSEL´S COMMAND
B28: Captain | C28: Mr. Carlos Eduardo
B29: Chief Officer | C29: Mr. Carlos Eduardo
B30: OTHER DATA
B31: Atracado | C31: Port Side
B32: CLIENT and OPERATOR
B33: Client
B34: Operator

Sheet Inicial
B2: INITIAL DRAFT SURVEY | K2: DISPLACEMENT CORRECTIONS | Q2: BALLAST WATER | X2: FRESH WATER
B3: VESSEL | C3: =Capa!C13 -> HG ANTWERP | F3: SHED | G3: =Capa!C7 -> 213 | Q3: Tank | R3: depth | S3: m | T3: m3 | U3: SG | V3: MT | X3: Tank | Y3: m | Z3: m3 | AA3: SG | AB3: MT
B4: IMO | C4: =Capa!C17 -> 9865324 | F4: TERMINAL | G4: =Capa!C6 -> EXPPOERT CORRIDOR | K4: 1° TRIM Correction | N4: =G15*F26*G26*100/D19 -> -398.83608 | Q4: FPT | R4: 10 | S4: 5.7 | T4: 16606.322 | U4: 1 | V4: =T4*U4 -> 16606.322 | X4: FW P | Y4: GAUGE | Z4: 128 | AA4: 1 | AB4: =Z4*AA4 -> 128
B5: VOYAGE | C5: =Capa!C10 -> 12L | F5: PORT | G5: =Capa!C5 -> PARANAGUA | Q5: 1 WBT P | R5: 0 | S5: 13.94 | T5: 0 | U5: =U4 -> 1 | V5: =T5*U5 -> 0 | X5: FW S | Y5: GAUGE | Z5: 0 | AA5: =AA4 -> 1 | AB5: =Z5*AA5 -> 0
B6: CARGO | C6: =Capa!C8 -> SOYBEANS IN BULK | F6: TIME | G6: START | H6: END | K6: 2° TRIM Correction | N6: =G15*G15*F31*50/D19 -> 39.910557 | Q6: 1 WBT S | R6: 0 | S6: 18.26 | T6: 0 | U6: =U5 -> 1 | V6: =T6*U6 -> 0 | X6: DW | Y6: GAUGE | Z6: 0 | AA6: =AA5 -> 1 | AB6: =Z6*AA6 -> 0
B7: DATE | C7: 46061 | G7: 0.32986111 | H7: 0.41666667 | Q7: 2 WBT P | R7: 0 | S7: 8.86 | T7: 0 | U7: =U6 -> 1 | V7: =T7*U7 -> 0 | Z7: 0 | AA7: 1 | AB7: =Z7*AA7 -> 0
B8: DRAFT MARKS | D8: MEAN | F8: DRAFT MARKS CORRECTIONS | H8: MEAN CORRECTED | K8: Displ. Corrected by TRIM | N8: =C26+(N4+N6) -> 29930.79 | Q8: 2 WBT S | R8: 0 | S8: 6.24 | T8: 0 | U8: =U7 -> 1 | V8: =T8*U8 -> 0 | Z8: 0 | AA8: 1 | AB8: =Z8*AA8 -> 0
B9: PS | C9: SS | Q9: 3 WBT P | R9: 0 | S9: 6.49 | T9: 0 | U9: =U8 -> 1 | V9: =T9*U9 -> 0 | AB9: =SUM(AB4:AB8) -> 128
B10: 4.8 | C10: 4.76 | D10: =AVERAGE(B10:C10) -> 4.78 | F10: =D16*D15/D20 -> 0.027032518 | H10: =D10-F10-O25 -> 4.7529675 | K10: Density Observed | N10: 1.016 | Q10: 3 WBT S | R10: 0 | S10: 16.1 | T10: 0 | U10: =U9 -> 1 | V10: =T10*U10 -> 0
B11: 5.87 | C11: 5.81 | D11: =AVERAGE(B11:C11) -> 5.84 | F11: =D17*D15/D20 -> 0 | H11: =D11-F11-O26 -> 5.84 | K11: Certificate/Obs | N11: 0 | Q11: 4 WBT P | R11: 0 | S11: 7.04 | T11: 0 | U11: =U10 -> 1 | V11: =T11*U11 -> 0 | X11: BUNKER AND OTHERS
B12: 6.92 | C12: 6.9 | D12: =AVERAGE(B12:C12) -> 6.91 | F12: =D18*D15/D20 -> 0.10534561 | H12: =D12+F12-O27 -> 7.0153456 | Q12: 4 WBT S | R12: 0 | S12: 12.01 | T12: 0 | U12: =U11 -> 1 | V12: =T12*U12 -> 0 | X12: FUEL OIL | AA12: 549.23
B13: M | C13: =AVERAGE(H12,H10) -> 5.8841565 | F13: MM | H13: =(C13+H11)/2 -> 5.8620783 | K13: Displ. Corrected by Density | N13: =N8/1.025*N10 -> 29667.983 | Q13: 5 WBT P | R13: 0 | S13: 15.04 | T13: 0 | U13: =U12 -> 1 | V13: =T13*U13 -> 0 | X13: DIESEL OIL | AA13: 226.902
Q14: 5 WBT S | R14: 0 | S14: 15.03 | T14: 0 | U14: =U13 -> 1 | V14: =T14*U14 -> 0 | X14: LUB OIL | AA14: 0
B15: TRIM Observed | D15: =D12-D10 -> 2.13 | F15: TRIM Real | G15: =H12-H10 -> 2.2623781 | K15: =IF(Capa!L4="Loading","Loaded","Discharged") -> Loaded | N15: 59828.935 | Q15: 1 TST P | R15: 0 | S15: 6.13 | T15: 0 | U15: =U14 -> 1 | V15: =T15*U15 -> 0 | X15: OTHERS | AA15: 0
B16: Perpendic. Corrections | C16: FWD | D16: 2.33 | K16: Total of Deductibles | N16: =AA21 -> 17510.454 | Q16: 1 TST S | R16: 0 | S16: 6.14 | T16: 0 | U16: =U15 -> 1 | V16: =T16*U16 -> 0
C17: MID | D17: 0 | F17: δ d | G17: =(H11-C13)*100 -> -4.4156544 | H17: cm | K17: NET Displacement | N17: =N13-N16 -> 12157.529 | Q17: 2 TST P | R17: 0 | S17: 6.23 | T17: 0 | U17: =U16 -> 1 | V17: =T17*U17 -> 0 | X17: TOTAL BUNKER | AA17: =AA12+AA13+AA14+AA15 -> 776.132
C18: AFT | D18: 9.08 | G18: =IF(G17<0,"Hogging","Sagging") -> Hogging | K18: Light Ship | N18: 11918 | Q18: 2 TST S | R18: 0 | S18: 6.23 | T18: 0 | U18: =U17 -> 1 | V18: =T18*U18 -> 0 | X18: TOTAL BALLAST | AA18: =V31 -> 16606.322
C19: LBP | D19: =Capa!C21 -> 195 | K19: Cargo in transit | Q19: 3 TST P | R19: 0 | S19: 5.24 | T19: 0 | U19: 1 | V19: =T19*U19 -> 0 | X19: TOTAL FRESH WATER | AA19: =AB9 -> 128
C20: LBD | D20: =D19-D18-D16 -> 183.59 | F20: TIDE (m) | G20: 0.55 | Q20: 3 TST S | R20: 0 | S20: 5.26 | T20: 0 | U20: =U19 -> 1 | V20: =T20*U20 -> 0
C21: BREATH | D21: =Capa!C23 -> 32.24 | F21: SWELL (cm) | G21: 10 | K21: Constant Declared | M21: 230 | N21: Ctt. Obs | O21: =N13-N16-N18-N19 -> 239.52879 | Q21: 4 TST P | R21: 0 | S21: 5.93 | T21: 0 | U21: 1 | V21: =T21*U21 -> 0 | X21: TOTAL DEDUCTIBLES | AA21: =AA17+AA18+AA19 -> 17510.454
Q22: 4 TST S | R22: 0 | S22: 5.81 | T22: 0 | U22: 1 | V22: =T22*U22 -> 0
B23: QM | C23: Displacement | F23: TPC | G23: LCF | K23: LCA/LCF | Q23: 5 TST P | R23: 0 | S23: 5.62 | T23: 0 | U23: 1 | V23: =T23*U23 -> 0
B24: 5.85 | C24: 30284 | F24: 55.1 | G24: -6.24 | I24: =B25-B24 -> 0.01 | K24: =D19/2 -> 97.5 | L24: 0 | M24: =K24-L24 -> 97.5 | O24: Keel | Q24: 5 TST S | R24: 0 | S24: 5.62 | T24: 0 | U24: 1 | V24: =T24*U24 -> 0 | Y24: List | Z24: =((C11-B11)/D21)*57.3 -> -0.10663772
B25: 5.86 | C25: 30339 | F25: 55.1 | G25: -6.23 | I25: =B26-B24 -> 0.0010391361 | L25: 0 | M25: =K24-L25 -> 97.5 | N25: FWD | O25: 0 | Q25: APT | R25: 0 | S25: 5.62 | T25: 0 | U25: 1 | V25: =T25*U25 -> 0 | Y25: =IF(Z24<0,"Port Side",IF(Z24>0,"Starboard Side","Upright")) -> Port Side
B26: =(H13+H11)/2-O28 -> 5.8510391 | C26: =C24+(C25-C24)*$I26 -> 30289.715 | F26: =F24+(F25-F24)*$I26 -> 55.1 | G26: =G24+(G25-G24)*$I26 -> -6.2389609 | I26: =I25/I24 -> 0.10391361 | N26: MS | O26: 0 | R26: 0
B27: MM-50 | C27: MTC < | F27: MM+50 | G27: MTC > | K27: 1st Call | N27: AFT | O27: 0 | R27: 0 | Y27: INTERPOLATION
B28: =B24-0.5 -> 5.35 | C28: 656.3 | F28: =B24+0.5 -> 6.35 | G28: 686.7 | K28: Manif | L28: 0 | N28: All drafts | O28: 0 | R28: 0 | X28: S(m)/T(m) | Y28: 3 | Z28: =G15 -> 2.2623781 | AA28: 3.5
B29: =B25-0.5 -> 5.36 | C29: 656.6 | F29: =B25+0.5 -> 6.36 | G29: 687.1 | K29: Dif | L29: =N19-L28 -> 0 | R29: 0 | X29: 10 | Y29: 3 | AA29: 2.8
B30: =B26-0.5 -> 5.3510391 | C30: =C28+(C29-C28)*I26 -> 656.33117 | F30: =B26+0.5 -> 6.3510391 | G30: =G28+(G29-G28)*I26 -> 686.74157 | R30: 0 | X30: 12 | Y30: =Y36 -> 3.16 | Z30: =AA35 -> 3.8091072 | AA30: =Z35 -> 2.72
C31: DMZ | F31: =G30-C30 -> 30.410391 | T31: =SUM(T4:T30) -> 16606.322 | V31: =SUM(V4:V30) -> 16606.322 | X31: 15 | Y31: 3.4 | AA31: 2.6
Y33: =X31-X29 -> 5 | AA33: =Z28-Y28 -> -0.73762187
U34: =AA28-Y28 -> 0.5 | Y34: =X30-X29 -> 2 | AA34: =AA33/U34 -> -1.4752437
B35: MID PORT | C35: =B11 -> 5.87 | D35: =F11 -> 0 | F35: =C35-D35 -> 5.87 | Y35: =Y34/Y33 -> 0.4 | Z35: =(AA31-AA29)*Y35+AA29 -> 2.72 | AA35: =(AA30-Y30)*AA34+Y30 -> 3.8091072
B36: MID STB | C36: =C11 -> 5.81 | D36: =F11 -> 0 | F36: =C36-D36 -> 5.81 | Y36: =(Y31-Y29)*Y35+Y29 -> 3.16

Sheet Intermediario
B2: INTERMEDIATE DRAFT SURVEY | K2: DISPLACEMENT CORRECTIONS | S2: BALLAST WATER | Y2: FRESH WATER
S3: Tank | T3: m | U3: m3 | V3: SG | W3: MT | Y3: Tank | Z3: m | AA3: m3 | AB3: SG | AC3: MT
B4: VESSEL | C4: =Capa!C13 -> HG ANTWERP | G4: START | H4: END | K4: 1° TRIM Corrections | O4: =G14*F25*G25*100/D18 -> 14.773653 | S4: =Inicial!Q4 -> FPT | T4: 0 | U4: 179.45 | V4: 1.025 | W4: =U4*V4 -> 183.93625 | Y4: =Inicial!X4 -> FW P | Z4: 0 | AA4: 115 | AB4: 1 | AC4: =AA4*AB4 -> 115
B5: DATE | C5: 46064 | F5: TIME | G5: 0.72222222 | H5: 0.79166667 | S5: =Inicial!Q5 -> 1 WBT P | T5: 0 | U5: 0 | V5: =V4 -> 1.025 | W5: =U5*V5 -> 0 | Y5: =Inicial!X5 -> FW S | Z5: 0 | AA5: 0 | AB5: 1 | AC5: =AA5*AB5 -> 0
K6: 2° TRIM Correction | O6: =G14*G14*F30*50/D18 -> 0.025859594 | S6: =Inicial!Q6 -> 1 WBT S | T6: 0 | U6: 0 | V6: =V5 -> 1.025 | W6: =U6*V6 -> 0 | Y6: =Inicial!X6 -> DW | Z6: 0 | AA6: 0 | AB6: 1 | AC6: =AA6*AB6 -> 0
B7: DRAFT MARKS | D7: MEAN | F7: DRAFT MARKS CORRECTIONS | H7: MEAN CORRECTED | S7: =Inicial!Q7 -> 2 WBT P | T7: 0 | U7: 0 | V7: =V6 -> 1.025 | W7: =U7*V7 -> 0
B8: PS | C8: SS | K8: Displ. Corrected by TRIM | O8: =C25+(O4+O6) -> 73933.596 | S8: =Inicial!Q8 -> 2 WBT S | T8: 0 | U8: 0 | V8: =V7 -> 1.025 | W8: =U8*V8 -> 0
B9: 13.19 | C9: 13.16 | D9: =AVERAGE(B9:C9) -> 13.175 | F9: =D15*D14/D20 -> 0.0015864154 | H9: =D9-F9-M27 -> 13.173414 | S9: =Inicial!Q9 -> 3 WBT P | T9: 0 | U9: 0 | V9: =V8 -> 1.025 | W9: =U9*V9 -> 0 | AC9: =AA4+AA5+AA6+AA7+AA8 -> 115
B10: 13.27 | C10: 13.29 | D10: =AVERAGE(B10:C10) -> 13.28 | F10: =D16*D14/D20 -> 0.00036766708 | H10: =D10-F10-M28 -> 13.279632 | O10: 1.016 | S10: =Inicial!Q10 -> 3 WBT S | T10: 0 | U10: 0 | V10: =V9 -> 1.025 | W10: =U10*V10 -> 0
B11: 13.31 | C11: 13.29 | D11: =AVERAGE(B11:C11) -> 13.3 | F11: =D17*D14/D20 -> 0.0061822539 | H11: =D11+F11-M29 -> 13.306182 | K11: Displ. Corrected by Density | O11: =O8/1.025*O10 -> 73284.423 | S11: =Inicial!Q11 -> 4 WBT P | T11: 0 | U11: 0 | V11: =V10 -> 1.025 | W11: =U11*V11 -> 0 | Y11: BUNKER AND OTHERS
B12: M | C12: =(H9+H11)/2 -> 13.239798 | F12: MM | H12: =(H10+C12)/2 -> 13.259715 | S12: =Inicial!Q12 -> 4 WBT S | T12: 0 | U12: 0 | V12: =V11 -> 1.025 | W12: =U12*V12 -> 0 | Y12: FUEL OIL | AB12: 748.402
K13: Total of Deductibles | O13: =AB21 -> 1274.1402 | S13: =Inicial!Q13 -> 5 WBT P | T13: 0 | U13: 0 | V13: =V12 -> 1.025 | W13: =U13*V13 -> 0 | Y13: DIESEL OIL | AB13: 226.802
B14: TRIM Apparent | D14: =D11-D9 -> 0.125 | F14: TRIM Real | G14: =H11-H9 -> 0.13276867 | K14: NET Displacement | O14: =O11-O13 -> 72010.283 | S14: =Inicial!Q14 -> 5 WBT S | T14: 0 | U14: 0 | V14: =V13 -> 1.025 | W14: =U14*V14 -> 0 | Y14: LUB OIL | AB14: 0
B15: Perpendic. Corrections | C15: FWD | D15: 2.33 | K15: Light ship | O15: =Inicial!N18 -> 11918 | S15: =Inicial!Q15 -> 1 TST P | T15: 0 | U15: 0 | V15: =V14 -> 1.025 | W15: =U15*V15 -> 0 | Y15: OTHERS | AB15: 0
C16: MID | D16: 0.54 | F16: δ d | G16: =(H10-C12)*100 -> 3.9834414 | H16: cm | S16: =Inicial!Q16 -> 1 TST S | T16: 0 | U16: 0 | V16: =V15 -> 1.025 | W16: =U16*V16 -> 0
C17: AFT | D17: 9.08 | G17: =IF(G16<0,"Hogging","Sagging") -> Sagging | K17: =IF(Capa!L4="Loading","Loaded","Discharged") -> Loaded | O17: =Inicial!N15 -> 59828.935 | S17: =Inicial!Q17 -> 2 TST P | T17: 0 | U17: 0 | V17: =V16 -> 1.025 | W17: =U17*V17 -> 0 | Y17: TOTAL BUNKER | AB17: =AB12+AB13+AB14+AB15 -> 975.204
C18: LBP | D18: =Inicial!D19 -> 195 | S18: =Inicial!Q18 -> 2 TST S | T18: 0 | U18: 0 | V18: =V17 -> 1.025 | W18: =U18*V18 -> 0 | Y18: TOTAL BALLAST | AB18: =W30 -> 183.93625
C19: BREATH | D19: =Inicial!D21 -> 32.24 | F19: TIDE (m) | G19: 0 | K19: CARGO QUANTITY | O19: =IF(Capa!L4="Discharging",Inicial!N17-O14,O14-Inicial!N17) -> 59852.754 | S19: =Inicial!Q19 -> 3 TST P | T19: 0 | U19: 0 | V19: =V18 -> 1.025 | W19: =U19*V19 -> 0 | Y19: TOTAL FRESH WATER | AB19: =AC9 -> 115
C20: LBD | D20: =D18-D17-D15 -> 183.59 | F20: SWELL (cm) | G20: 0 | K20: Diference | O20: =O19-O17 -> 23.819133 | S20: =Inicial!Q20 -> 3 TST S | T20: 0 | U20: 0 | V20: =V19 -> 1.025 | W20: =U20*V20 -> 0
K21: or % | O21: =O20/O17*100 -> 0.039812062 | S21: =Inicial!Q21 -> 4 TST P | T21: 0 | U21: 0 | V21: =V20 -> 1.025 | W21: =U21*V21 -> 0 | Y21: TOTAL DEDUCTIBLES | AB21: =AB17+AB18+AB19 -> 1274.1402
B22: QM | C22: Displacement | F22: TPC | G22: LCF | S22: =Inicial!Q22 -> 4 TST S | T22: 0 | U22: 0 | V22: =V21 -> 1.025 | W22: =U22*V22 -> 0
B23: 13.25 | C23: 73798 | F23: 61.4 | G23: 3.53 | I23: =B24-B23 -> 0.05 | K23: LCA / LCF | O23: Vessel | S23: =Inicial!Q23 -> 5 TST P | T23: 0 | U23: 0 | V23: =V22 -> 1.025 | W23: =U23*V23 -> 0 | Z23: List | AA23: =((C10-B10)/D19)*57.3 -> 0.035545906
B24: 13.3 | C24: 74105 | F24: 61.4 | G24: 3.54 | I24: =B25-B23 -> 0.01967373 | K24: =D18/2 -> 97.5 | L24: 0 | M24: =K24-L24 -> 97.5 | O24: 70600 | S24: =Inicial!Q24 -> 5 TST S | T24: 0 | U24: 0 | V24: =V23 -> 1.025 | W24: =U24*V24 -> 0 | Z24: =IF(AA23<0,"Port Side",IF(AA23>0,"Starboard Side","Upright")) -> Starboard Side
B25: =(H12+H10)/2-M30 -> 13.269674 | C25: =C23+(C24-C23)*$I25 -> 73918.797 | F25: =F23+(F24-F23)*$I25 -> 61.4 | G25: =G23+(G24-G23)*$I25 -> 3.5339347 | I25: =I24/I23 -> 0.39347459 | L25: 0 | M25: =K24-L25 -> 97.5 | S25: =Inicial!Q25 -> APT | T25: 0 | U25: 0 | V25: =V24 -> 1.025 | W25: =U25*V25 -> 0
B26: MM-50 | C26: MTC < | F26: MM +50 | G26: MTC > | S26: =Inicial!Q26 -> 0 | T26: 0 | U26: 0 | V26: =V25 -> 1.025 | W26: =U26*V26 -> 0 | Z26: INTERPOLATION
B27: =B23-0.5 -> 12.75 | C27: 917.7 | F27: =B23+0.5 -> 13.75 | G27: 923.5 | K27: Keel Correction FWD | M27: 0 | S27: =Inicial!Q27 -> 0 | T27: 0 | U27: 0 | V27: =V26 -> 1.025 | W27: =U27*V27 -> 0 | Y27: S(m)/T(m) | Z27: 0.5 | AA27: =G14 -> 0.13276867 | AB27: 1
B28: =B24-0.5 -> 12.8 | C28: 918.1 | F28: =B24+0.5 -> 13.8 | G28: 923.7 | K28: Keel Correction MID | M28: 0 | S28: =Inicial!Q28 -> 0 | T28: 0 | U28: 0 | V28: =V27 -> 1.025 | W28: =U28*V28 -> 0 | Y28: 1 | Z28: 1 | AB28: 1
B29: =B25-0.5 -> 12.769674 | C29: =C27+(C28-C27)*$I25 -> 917.85739 | F29: =B25+0.5 -> 13.769674 | G29: =G27+(G28-G27)*$I25 -> 923.57869 | K29: Keel Correction AFT | M29: 0 | S29: =Inicial!Q29 -> 0 | T29: 0 | U29: 0 | V29: =V28 -> 1.025 | W29: =U29*V29 -> 0 | Y29: 2 | Z29: =Z32 -> 1 | AA29: =Z36 -> 1 | AB29: =AB32 -> 1
C30: DMZ | F30: =G29-C29 -> 5.7213051 | K30: Keel Correction M&M | M30: 0 | U30: =SUM(U4:U29) -> 179.45 | W30: =SUM(W4:W29) -> 183.93625 | Y30: 3 | Z30: 1 | AB30: 1
Y31: =Y30-Y28 -> 2
Y32: =Y29-Y28 -> 1 | Z32: =(Z30-Z28)*Y33+Z28 -> 1 | AB32: =(AB30-AB28)*Y33+AB28 -> 1
Y33: =Y32/Y31 -> 0.5
Y35: =AB27-Z27 -> 0.5
Y36: =AA27-Z27 -> -0.36723133 | Z36: =(AB29-Z29)*Y37+Z29 -> 1
Y37: =Y36/Y35 -> -0.73446266
B39: MID PORT
B40: MID STB

Sheet final
B2: FINAL DRAFT SURVEY | K2: DISPLACEMENT CORRECTIONS | Q2: BALLAST WATER | X2: FRESH WATER
Q3: TANK NR. | R3: depth | S3: m | T3: m3 | U3: SG | V3: MT | X3: TANK NR. | Y3: m | Z3: m3 | AA3: SG | AB3: MT
B4: VESSEL | C4: =Capa!C13 -> HG ANTWERP | G4: START | H4: END | K4: 1° TRIM Correction | O4: =G14*F25*G25*100/D18 -> 14.773653 | Q4: =Inicial!Q4 -> FPT | R4: =Inicial!R4 -> 10 | S4: 0.12 | T4: 179.45 | U4: 1.025 | V4: =T4*U4 -> 183.93625 | X4: =Inicial!X4 -> FW P | Y4: GAUGE | Z4: 115 | AA4: 1 | AB4: =Z4*AA4 -> 115
B5: DATE | C5: 46172 | F5: TIME | G5: 0.60416667 | H5: 0.66666667 | Q5: =Inicial!Q5 -> 1 WBT P | R5: =Inicial!R5 -> 0 | S5: 0 | T5: 0 | U5: =U4 -> 1.025 | V5: =T5*U5 -> 0 | X5: =Inicial!X5 -> FW S | Y5: GAUGE | Z5: 0 | AA5: 1 | AB5: =Z5*AA5 -> 0
K6: 2° TRIM Correction | O6: =G14*G14*F30*50/D18 -> 0.025859594 | Q6: =Inicial!Q6 -> 1 WBT S | R6: =Inicial!R6 -> 0 | S6: 0.02 | T6: 0 | U6: =U5 -> 1.025 | V6: =T6*U6 -> 0 | X6: =Inicial!X6 -> DW | Y6: GAUGE | Z6: 0 | AA6: 1 | AB6: =Z6*AA6 -> 0
B7: DRAFT MARKS | D7: MEAN | F7: DRAFT MARKS CORRECTIONS | H7: MEAN CORRECTED | Q7: =Inicial!Q7 -> 2 WBT P | R7: =Inicial!R7 -> 0 | S7: 0.02 | T7: 0 | U7: =U6 -> 1.025 | V7: =T7*U7 -> 0
B8: PS | C8: SS | K8: Displ. Corrected by TRIM | O8: =C25+(O4+O6) -> 73933.596 | Q8: =Inicial!Q8 -> 2 WBT S | R8: =Inicial!R8 -> 0 | S8: 0.01 | T8: 0 | U8: =U7 -> 1.025 | V8: =T8*U8 -> 0
B9: 13.19 | C9: 13.16 | D9: =AVERAGE(B9:C9) -> 13.175 | F9: =D15*D14/D20 -> 0.0015864154 | H9: =D9-F9-M27 -> 13.173414 | Q9: =Inicial!Q9 -> 3 WBT P | R9: =Inicial!R9 -> 0 | S9: 0.06 | T9: 0 | U9: =U8 -> 1.025 | V9: =T9*U9 -> 0 | AB9: =SUM(AB4:AB8) -> 115
B10: 13.29 | C10: 13.27 | D10: =AVERAGE(B10:C10) -> 13.28 | F10: =D16*D14/D20 -> 0.00036766708 | H10: =D10-F10-M28 -> 13.279632 | O10: 1.016 | Q10: =Inicial!Q10 -> 3 WBT S | R10: =Inicial!R10 -> 0 | S10: 0 | T10: 0 | U10: =U9 -> 1.025 | V10: =T10*U10 -> 0
B11: 13.31 | C11: 13.29 | D11: =AVERAGE(B11:C11) -> 13.3 | F11: =D17*D14/D20 -> 0.0061822539 | H11: =D11+F11-M29 -> 13.306182 | K11: Displ. Corrected by Density | O11: =O8/1.025*O10 -> 73284.423 | Q11: =Inicial!Q11 -> 4 WBT P | R11: =Inicial!R11 -> 0 | S11: 0.02 | T11: 0 | U11: =U10 -> 1.025 | V11: =T11*U11 -> 0 | X11: BUNKER AND OTHERS
B12: M | C12: =AVERAGE(H11,H9) -> 13.239798 | F12: MM | H12: =(C12+H10)/2 -> 13.259715 | Q12: =Inicial!Q12 -> 4 WBT S | R12: =Inicial!R12 -> 0 | S12: 0 | T12: 0 | U12: =U11 -> 1.025 | V12: =T12*U12 -> 0 | X12: FUEL OIL | AA12: 748.402
K13: Total of Deductibles | O13: =AA21 -> 1274.1402 | Q13: =Inicial!Q13 -> 5 WBT P | R13: =Inicial!R13 -> 0 | S13: 0.01 | T13: 0 | U13: =U12 -> 1.025 | V13: =T13*U13 -> 0 | X13: DIESEL OIL | AA13: 226.802
B14: TRIM Apparent | D14: =D11-D9 -> 0.125 | F14: TRIM Real | G14: =H11-H9 -> 0.13276867 | K14: NET Displacement | O14: =O11-O13 -> 72010.283 | Q14: =Inicial!Q14 -> 5 WBT S | R14: =Inicial!R14 -> 0 | S14: 0 | T14: 0 | U14: =U13 -> 1.025 | V14: =T14*U14 -> 0 | X14: LUB OIL | AA14: 0
B15: Perpendic. Corrections | C15: FWD | D15: 2.33 | K15: Light Ship | O15: =Inicial!N18 -> 11918 | Q15: =Inicial!Q15 -> 1 TST P | R15: =Inicial!R15 -> 0 | S15: 0 | T15: 1 | U15: =U14 -> 1.025 | V15: 0 | X15: OTHERS | AA15: 0
C16: MID | D16: 0.54 | F16: δ d | G16: =(H10-C12)*100 -> 3.9834414 | H16: cm | Q16: =Inicial!Q16 -> 1 TST S | R16: =Inicial!R16 -> 0 | S16: 0 | T16: 0 | U16: =U15 -> 1.025 | V16: =T16*U16 -> 0
C17: AFT | D17: 9.08 | G17: =IF(G16<0,"Hogging","Sagging") -> Sagging | K17: =IF(Capa!L4="Loading","Loaded","Discharged") -> Loaded | O17: =Inicial!N15 -> 59828.935 | Q17: =Inicial!Q17 -> 2 TST P | R17: =Inicial!R17 -> 0 | S17: 0 | T17: 0 | U17: =U16 -> 1.025 | V17: =T17*U17 -> 0 | X17: TOTAL BUNKER | AA17: =AA12+AA13+AA14+AA15 -> 975.204
C18: LBP | D18: =Inicial!D19 -> 195 | Q18: =Inicial!Q18 -> 2 TST S | R18: =Inicial!R18 -> 0 | S18: 0 | T18: 0 | U18: =U17 -> 1.025 | V18: =T18*U18 -> 0 | X18: TOTAL BALLAST | AA18: =V30 -> 183.93625
C19: BREATH | D19: =Inicial!D21 -> 32.24 | F19: TIDE (m) | H19: 0.2 | K19: CARGO QUANTITY | O19: =IF(Capa!L4="Discharging",Inicial!N17-O14,O14-Inicial!N17) -> 59852.754 | Q19: =Inicial!Q19 -> 3 TST P | R19: =Inicial!R19 -> 0 | S19: 0.03 | T19: 0 | U19: =U18 -> 1.025 | V19: =T19*U19 -> 0 | X19: TOTAL FRESH WATER | AA19: =AB9 -> 115
C20: LBD | D20: =D18-D17-D15 -> 183.59 | F20: SWELL (cm) | H20: 6 | K20: Diference | O20: =O19-O17 -> 23.819133 | Q20: =Inicial!Q20 -> 3 TST S | R20: =Inicial!R20 -> 0 | S20: 0.03 | T20: 0 | U20: =U19 -> 1.025 | V20: =T20*U20 -> 0
K21: or % | O21: =O20/O17*100 -> 0.039812062 | Q21: =Inicial!Q21 -> 4 TST P | R21: =Inicial!R21 -> 0 | S21: 0.82 | T21: 0 | U21: =U20 -> 1.025 | V21: =T21*U21 -> 0 | X21: TOTAL DEDUCTIBLES | AA21: =AA17+AA18+AA19 -> 1274.1402
B22: QM | C22: Displacement | F22: TPC | G22: LCF | Q22: =Inicial!Q22 -> 4 TST S | R22: =Inicial!R22 -> 0 | S22: 0.82 | T22: 0 | U22: =U21 -> 1.025 | V22: =T22*U22 -> 0
B23: 13.25 | C23: 73798 | F23: 61.4 | G23: 3.53 | I23: =B24-B23 -> 0.05 | K23: LCA / LCF | O23: Vessel | Q23: =Inicial!Q23 -> 5 TST P | R23: =Inicial!R23 -> 0 | S23: 0.4 | T23: 0 | U23: =U22 -> 1.025 | V23: =T23*U23 -> 0 | Y23: List | Z23: =((C10-B10)/D19)*57.3 -> -0.035545906
B24: 13.3 | C24: 74105 | F24: 61.4 | G24: 3.54 | I24: =B25-B23 -> 0.01967373 | K24: =D18/2 -> 97.5 | L24: 0 | M24: =K24-L24 -> 97.5 | O24: 70600 | Q24: =Inicial!Q24 -> 5 TST S | S24: 10 | T24: 0 | U24: =U23 -> 1.025 | V24: =T24*U24 -> 0 | Y24: =IF(Z23<0,"Port Side",IF(Z23>0,"Starboard Side","Upright")) -> Port Side
B25: =(H10+H12)/2-M30 -> 13.269674 | C25: =C23+(C24-C23)*$I25 -> 73918.797 | F25: =F23+(F24-F23)*$I25 -> 61.4 | G25: =G23+(G24-G23)*$I25 -> 3.5339347 | I25: =I24/I23 -> 0.39347459 | L25: 0 | M25: =K24-L25 -> 97.5 | Q25: =Inicial!Q25 -> APT | S25: 10 | T25: 0 | U25: =U24 -> 1.025 | V25: =T25*U25 -> 0
B26: MM-50 | C26: MTC < | F26: MM+50 | G26: MTC > | Q26: =Inicial!Q26 -> 0 | S26: 0 | T26: 0 | U26: =U25 -> 1.025 | V26: =T26*U26 -> 0 | Y26: INTERPOLATION
B27: =B23-0.5 -> 12.75 | C27: 917.7 | F27: =B23+0.5 -> 13.75 | G27: 923.5 | K27: Keel Correction FWD | M27: 0 | Q27: =Inicial!Q27 -> 0 | S27: 0 | T27: 0 | U27: =U26 -> 1.025 | V27: =T27*U27 -> 0 | X27: S(m)/T(m) | Y27: 1 | Z27: 1.82 | AA27: 2
B28: =B24-0.5 -> 12.8 | C28: 918.1 | F28: =B24+0.5 -> 13.8 | G28: 923.7 | K28: Keel Correction MID | M28: 0 | Q28: =Inicial!Q28 -> 0 | S28: 0 | T28: 0 | U28: =U27 -> 1.025 | V28: =T28*U28 -> 0 | X28: 10 | Y28: 100 | AA28: 120
B29: =B25-0.5 -> 12.769674 | C29: =C27+(C28-C27)*$I25 -> 917.85739 | F29: =B25+0.5 -> 13.769674 | G29: =G27+(G28-G27)*$I25 -> 923.57869 | K29: Keel Correction AFT | M29: 0 | Q29: =Inicial!Q29 -> 0 | S29: 0 | T29: 0 | U29: =U28 -> 1.025 | V29: =T29*U29 -> 0 | X29: 11 | Y29: =Z32 -> 105 | Z29: =Z36 -> 121.4 | AA29: =AB32 -> 125
C30: DMZ | F30: =G29-C29 -> 5.7213051 | K30: Keel Correction M&M | M30: 0 | T30: =SUM(T4:T29) -> 180.45 | V30: =SUM(V4:V29) -> 183.93625 | X30: 12 | Y30: 110 | AA30: 130
Y31: =X30-X28 -> 2
Y32: =X29-X28 -> 1 | Z32: =(Y30-Y28)*Y33+Y28 -> 105 | AB32: =(AA30-AA28)*Y33+AA28 -> 125
Y33: =Y32/Y31 -> 0.5
Y35: =AA27-Y27 -> 1
Y36: =Z27-Y27 -> 0.82 | Z36: =(AA29-Y29)*Y37+Y29 -> 121.4
Y37: =Y36/Y35 -> 0.82
D58: 0
D59: 0

Sheet DS INTERMEDIATE
I2: MARINE SURVEYORS
H3: surveyors@naabsa.com | naabsa.com
B4: DRAFT SURVEY REPORT | J4: Voy | K4: =Capa!C10 -> 12L
B5: VESSEL | C5: =Capa!C13 -> HG ANTWERP | H5: IMO | I5: =Capa!C17 -> 9865324
B6: PORT | C6: =Inicial!G5 -> PARANAGUA | H6: TERMINAL | I6: =Inicial!G4 -> EXPPOERT CORRIDOR
B7: CARGO | C7: =Capa!C8 -> SOYBEANS IN BULK | H7: SHED | I7: =Inicial!G3 -> 213
B8: REF | C8: =Capa!C4 -> 114/2026 | H8: LIGHT SHIP | I8: =Inicial!N18 -> 11918 | K8: tons
B10: INITIAL | H10: INTERMEDIATE
B11: DATE | C11: =Capa!L7 -> February 8th, 2026 | H11: DATE | I11: =Capa!L8 -> February 11th, 2026
B12: TIME | C12: =Inicial!G7 -> 0.32986111 | D12: =Inicial!H7 -> 0.41666667 | H12: TIME | I12: =Intermediario!G5 -> 0.72222222 | J12: =Intermediario!H5 -> 0.79166667
B13: SWELL (cm) | C13: =Inicial!G21 -> 10 | D13: Condition | E13: =IF(C13>25,"Rough",IF(C13>9,"Moderate",IF(C13>4,"Calm","Flat"))) -> Moderate | H13: SWELL (cm) | I13: =Intermediario!G20 -> 0 | J13: Condition | K13: =IF(I13>25,"Rough",IF(I13>9,"Moderate",IF(I13>4,"Calm","Flat"))) -> Flat
B14: Tide (m) | C14: =Inicial!G20 -> 0.55 | D14: Condition | E14: =IF(C14>0.89,"High",IF(C14>0.5,"Intermediate","Low")) -> Intermediate | H14: Tide (m) | I14: =Intermediario!G19 -> 0 | J14: Condition | K14: =IF(I14>0.89,"High",IF(I14>0.5,"Intermediate","Low")) -> Low
B16: MEANS OF MEANS | H16: MEANS OF MEANS
B17: =Inicial!B26 -> 5.8510391 | E17: m | H17: =Intermediario!B25 -> 13.269674 | K17: m
B19: TRUE DISPLACEMENT | H19: TRUE DISPLACEMENT
B20: =Inicial!C26 -> 30289.715 | E20: tons | H20: =Intermediario!C25 -> 73918.797 | K20: tons
B22: DENSITY | H22: DENSITY
B23: =Inicial!N10 -> 1.016 | E23: g/cm3 | H23: =Intermediario!O10 -> 1.016 | K23: g/cm3
B25: DISPLACEMENT CORRECTED | H25: DISPLACEMENT CORRECTED
B26: =Inicial!N13 -> 29667.983 | E26: tons | H26: =Intermediario!O11 -> 73284.423 | K26: tons
B28: NET DISPLACEMENT | H28: NET DISPLACEMENT
B29: =Inicial!N17 -> 12157.529 | E29: tons | H29: =Intermediario!O14 -> 72010.283 | K29: tons
B31: DEDUCTIBLES | H31: DEDUCTIBLES
B32: =Inicial!N16 -> 17510.454 | E32: tons | H32: =Intermediario!O13 -> 1274.1402 | K32: tons
B34: CONSTANT ASCERTAINED | H34: CARGO LOADED
B35: =Inicial!O21 -> 239.52879 | E35: tons | H35: =Intermediario!O19 -> 59852.754 | K35: tons
B37: =Capa!L5 -> Shore Scale | C37: =Inicial!N15 -> 59828.935 | E37: MT
B38: =IF(Capa!L4="Loading","LOADED","DISCHARGED") -> LOADED | C38: =H35 -> 59852.754 | E38: MT | H38: VESSEL | I38: =Intermediario!O24 -> 70600 | K38: MT
B39: DIFFERENCE | C39: =C38-C37 -> 23.819133 | E39: MT
B40: % | C40: =C39/C37*100 -> 0.039812062
B45: NAABSA | H45: MV | I45: =Capa!C13 -> HG ANTWERP
B47: Disclaimer: This survey was performed while vessel afloat alongside berth
B49: This Draft Survey was performed jointly with under listed surveyors
B50: Acting as | D50: Cargo Controllers | F50: Company | J50: Figures
B51: Terminal's Surveyor | D51: SGS | F51: Sucden | J51: 30182.25
B52: Buyer's Surveyor | D52: Control Union | F52: Cefetra | J52: 30182.56

Sheet DS FINAL
I2: MARINE SURVEYORS
H3: surveyors@naabsa.com | naabsa.com
B4: DRAFT SURVEY REPORT | J4: Voy | K4: =Capa!C10 -> 12L
B5: VESSEL | C5: =Capa!C13 -> HG ANTWERP | H5: IMO | I5: =Capa!C17 -> 9865324
B6: PORT | C6: =Capa!C5 -> PARANAGUA | H6: TERMINAL | I6: =Inicial!G4 -> EXPPOERT CORRIDOR
B7: CARGO | C7: =Capa!C8 -> SOYBEANS IN BULK | H7: SHED | I7: =Inicial!G3 -> 213
B8: REF | C8: =Capa!C4 -> 114/2026 | H8: LIGHT SHIP | I8: =Inicial!N18 -> 11918 | K8: tons
B10: INITIAL | H10: FINAL
B11: DATE | C11: =Capa!L7 -> February 8th, 2026 | H11: DATE | I11: =Capa!L9 -> May 30th, 2026
B12: TIME | C12: =Capa!M7 -> 0.32986111 | D12: =Capa!N7 -> 0.41666667 | H12: TIME | I12: =Capa!M9 -> 0.60416667 | J12: =Capa!N9 -> 0.66666667
B13: SWELL (cm) | C13: =Inicial!G21 -> 10 | D13: Condition | E13: =IF(C13>25,"Rough",IF(C13>9,"Moderate",IF(C13>4,"Calm","Flat"))) -> Moderate | H13: SWELL (cm) | I13: =final!H20 -> 6 | J13: Condition | K13: =IF(I13>25,"Rough",IF(I13>9,"Moderate",IF(I13>4,"Calm","Flat"))) -> Calm
B14: Tide (m) | C14: =Inicial!G20 -> 0.55 | D14: Condition | E14: =IF(C14>0.89,"High",IF(C14>0.5,"Intermediate","Low")) -> Intermediate | H14: Tide (m) | I14: =final!H19 -> 0.2 | J14: Condition | K14: =IF(I14>0.89,"High",IF(I14>0.5,"Intermediate","Low")) -> Low
B16: MEANS OF MEANS | H16: MEANS OF MEANS
B17: =Inicial!B26 -> 5.8510391 | E17: m | H17: =final!B25 -> 13.269674 | K17: m
B19: TRUE DISPLACEMENT | H19: TRUE DISPLACEMENT
B20: =Inicial!C26 -> 30289.715 | E20: tons | H20: =final!C25 -> 73918.797 | K20: tons
B22: DENSITY | H22: DENSITY
B23: =Inicial!N10 -> 1.016 | E23: g/cm3 | H23: =final!O10 -> 1.016 | K23: g/cm3
B25: DISPLACEMENT CORRECTED | H25: DISPLACEMENT CORRECTED
B26: =Inicial!N13 -> 29667.983 | E26: tons | H26: =final!O11 -> 73284.423 | K26: tons
B28: NET DISPLACEMENT | H28: NET DISPLACEMENT
B29: =Inicial!N17 -> 12157.529 | E29: tons | H29: =final!O14 -> 72010.283 | K29: tons
B31: DEDUCTIBLES | H31: DEDUCTIBLES
B32: =Inicial!N16 -> 17510.454 | E32: tons | H32: =final!O13 -> 1274.1402 | K32: tons
B34: CONSTANT ASCERTAINED | H34: CARGO LOADED
B35: =Inicial!O21 -> 239.52879 | E35: tons | H35: =final!O19 -> 59852.754 | K35: tons
B37: =Capa!L5 -> Shore Scale | C37: =final!O17 -> 59828.935 | E37: MT
B38: =IF(Capa!L4="Loading","LOADED","DISCHARGED") -> LOADED | C38: =final!O19 -> 59852.754 | E38: MT | H38: VESSEL | I38: =final!O24 -> 70600 | K38: MT
B39: DIFFERENCE | C39: =final!O20 -> 23.819133 | E39: MT
B40: % | C40: =final!O21 -> 0.039812062
B44: NAABSA | H44: MV | I44: =Capa!C13 -> HG ANTWERP
B45: Disclaimer: This survey was performed while vessel afloat alongside berth.
B47: This Draft Survey was performed jointly with under listed surveyors
B48: Acting as | D48: Cargo Controllers | F48: Company | J48: Figures
B49: Shipper's Surveyor | D49: SGS | F49: SUCDEN | J49: 30182.56
B50: Customs' Surveyor | J50: 30182.36

Sheet LOD-LOP
H2: MARINE SURVEYORS
H3: surveyors@naabsa.com | naabsa.com
B4: =IF(ABS(F24)>0.3,"LETTER OF PROTEST","LETTER OF DISCREPANCY") -> LETTER OF DISCREPANCY | J4: Voy | K4: =Capa!C10 -> 12L
B5: VESSEL | C5: =Capa!C13 -> HG ANTWERP | H5: IMO | J5: =Capa!C17 -> 9865324
B6: PORT | C6: =Inicial!G5 -> PARANAGUA | H6: TERMINAL | J6: =Inicial!G4 -> EXPPOERT CORRIDOR
B7: CARGO | C7: =Capa!C8 -> SOYBEANS IN BULK | H7: SHED | J7: =Inicial!G3 -> 213
B8: =IF(Capa!L4="Loading","LOADED","DISCHARGED") -> LOADED | C8: =Inicial!N15 -> 59828.935 | E8: MT | H8: REF | J8: =Capa!C4 -> 114/2026
B10: =Capa!L9 -> May 30th, 2026
B12: To
B13: =Capa!C6 -> EXPPOERT CORRIDOR
B14: Cc
B15: =Capa!C13 -> HG ANTWERP
B16: =Capa!C11 -> NAABSA
B21: =Capa!L5 -> Shore Scale | F21: =final!O17 -> 59828.935 | J21: MT
B22: Draft Survey figures | F22: =final!O19 -> 59852.754 | J22: MT
B23: Difference | F23: =final!O20 -> 23.819133 | J23: MT
B24: Percentage | F24: =final!O21 -> 0.039812062 | J24: %
B35: Yours faithfully,
B40: =J6 -> EXPPOERT CORRIDOR | I40: =Capa!C13 -> HG ANTWERP
